component	source_url	requested_revision	resolved_sha	mutable	import_path	scope	notes
eyelash_corne	a741725193/zmk-new_corne	main	ba1eeab627ba94ac46f7768b3ddc01f97873ca87	yes	config/west.yml	direct build manifest	branch ref; mutable
zmk	cormoran/zmk	v0.3-branch+dya	4493783ef88ce2e653bf8217c92ee17140df71e3	yes	config/west.yml -> app/west.yml	direct project; imports app/west.yml	branch ref; mutable
zmk-behavior-runtime-sensor-rotate	cormoran/zmk-behavior-runtime-sensor-rotate	main	8b1125ed676c1f5e14145d217984f33d0ebdcef4	yes	config/west.yml	direct build manifest	branch ref; mutable
zmk-module-ble-management	cormoran/zmk-module-ble-management	zmk-v0.3.0.0	851661cd21f2aded8ec649da86e01a207dc4b973	yes	config/west.yml	direct build manifest	lightweight tag ref; mutable
zmk-module-battery-history	cormoran/zmk-module-battery-history	main	307755dd2ad4d320e14de162e8e5ef018f29d929	yes	config/west.yml	direct build manifest	branch ref; mutable
zmk-module-settings-rpc	cormoran/zmk-module-settings-rpc	main	78f86df9e6c5edaf57bef3ccbd7f360cfdf49291	yes	config/west.yml	direct build manifest	branch ref; mutable
zmk-module-runtime-input-processor	cormoran/zmk-module-runtime-input-processor	zmk-v0.3.0.0	dbf92f764de8b6ffd60bf5850514302875fe2570	yes	config/west.yml	direct build manifest	lightweight tag ref; mutable
zephyr	zmkfirmware/zephyr	v3.5.0+zmk-fixes	dacab4875df72109b96cc8977547a0dc04875bcd	yes	config/west.yml -> zmk/app/west.yml	imported build manifest	branch ref; mutable
nanopb	zmkfirmware/nanopb	8c60555d6277a0360c876bd85d491fc4fb0cd74a	8c60555d6277a0360c876bd85d491fc4fb0cd74a	no	modules/lib/nanopb	active imported build manifest	full commit SHA requested; active; not optional
zmk-studio-messages	cormoran/zmk-studio-messages	89b81d2e587fce807b668dff2a6967a40beef421	89b81d2e587fce807b668dff2a6967a40beef421	no	config/west.yml -> zmk/app/west.yml	imported build manifest	full commit SHA requested
acpica	zephyrproject-rtos/acpica	0333c2af13179f9b33d495cf7cb9a509f751cbb1	0333c2af13179f9b33d495cf7cb9a509f751cbb1	no	config/west.yml -> zmk/app/west.yml -> zephyr/west.yml	imported build manifest via zmk/app/west.yml -> zephyr/west.yml	full commit SHA requested
bsim	zephyrproject-rtos/babblesim-manifest	384a091445c57b44ac8cbd18ebd245b47c71db94	384a091445c57b44ac8cbd18ebd245b47c71db94	no	config/west.yml -> zmk/app/west.yml -> zephyr/west.yml	imported by zmk/app/west.yml; disabled by zephyr group-filter -babblesim	full commit SHA requested; groups=babblesim
babblesim_base	BabbleSim/base.git	19d62424c0802c6c9fc15528febe666e40f372a1	19d62424c0802c6c9fc15528febe666e40f372a1	no	config/west.yml -> zmk/app/west.yml -> zephyr/west.yml	imported by zmk/app/west.yml; disabled by zephyr group-filter -babblesim	full commit SHA requested; groups=babblesim
babblesim_ext_2G4_libPhyComv1	BabbleSim/ext_2G4_libPhyComv1.git	9018113a362fa6c9e8f4b9cab9e5a8f12cc46b94	9018113a362fa6c9e8f4b9cab9e5a8f12cc46b94	no	config/west.yml -> zmk/app/west.yml -> zephyr/west.yml	imported by zmk/app/west.yml; disabled by zephyr group-filter -babblesim	full commit SHA requested; groups=babblesim
babblesim_ext_2G4_phy_v1	BabbleSim/ext_2G4_phy_v1.git	d47c6dd90035b41b14f6921785ccb7b8484868e2	d47c6dd90035b41b14f6921785ccb7b8484868e2	no	config/west.yml -> zmk/app/west.yml -> zephyr/west.yml	imported by zmk/app/west.yml; disabled by zephyr group-filter -babblesim	full commit SHA requested; groups=babblesim
babblesim_ext_2G4_channel_NtNcable	BabbleSim/ext_2G4_channel_NtNcable.git	20a38c997f507b0aa53817aab3d73a462fff7af1	20a38c997f507b0aa53817aab3d73a462fff7af1	no	config/west.yml -> zmk/app/west.yml -> zephyr/west.yml	imported by zmk/app/west.yml; disabled by zephyr group-filter -babblesim	full commit SHA requested; groups=babblesim
babblesim_ext_2G4_channel_multiatt	BabbleSim/ext_2G4_channel_multiatt.git	bde72a57384dde7a4310bcf3843469401be93074	bde72a57384dde7a4310bcf3843469401be93074	no	config/west.yml -> zmk/app/west.yml -> zephyr/west.yml	imported by zmk/app/west.yml; disabled by zephyr group-filter -babblesim	full commit SHA requested; groups=babblesim
babblesim_ext_2G4_modem_magic	BabbleSim/ext_2G4_modem_magic.git	cb70771794f0bf6f262aa474848611c68ae8f1ed	cb70771794f0bf6f262aa474848611c68ae8f1ed	no	config/west.yml -> zmk/app/west.yml -> zephyr/west.yml	imported by zmk/app/west.yml; disabled by zephyr group-filter -babblesim	full commit SHA requested; groups=babblesim
babblesim_ext_2G4_modem_BLE_simple	BabbleSim/ext_2G4_modem_BLE_simple.git	809ab073159c9ab6686c2fea5749b0702e0909f7	809ab073159c9ab6686c2fea5749b0702e0909f7	no	config/west.yml -> zmk/app/west.yml -> zephyr/west.yml	imported by zmk/app/west.yml; disabled by zephyr group-filter -babblesim	full commit SHA requested; groups=babblesim
babblesim_ext_2G4_device_burst_interferer	BabbleSim/ext_2G4_device_burst_interferer.git	5b5339351d6e6a2368c686c734dc8b2fc65698fc	5b5339351d6e6a2368c686c734dc8b2fc65698fc	no	config/west.yml -> zmk/app/west.yml -> zephyr/west.yml	imported by zmk/app/west.yml; disabled by zephyr group-filter -babblesim	full commit SHA requested; groups=babblesim
babblesim_ext_2G4_device_WLAN_actmod	BabbleSim/ext_2G4_device_WLAN_actmod.git	9cb6d8e72695f6b785e57443f0629a18069d6ce4	9cb6d8e72695f6b785e57443f0629a18069d6ce4	no	config/west.yml -> zmk/app/west.yml -> zephyr/west.yml	imported by zmk/app/west.yml; disabled by zephyr group-filter -babblesim	full commit SHA requested; groups=babblesim
babblesim_ext_2G4_device_playback	BabbleSim/ext_2G4_device_playback.git	85c645929cf1ce995d8537107d9dcbd12ed64036	85c645929cf1ce995d8537107d9dcbd12ed64036	no	config/west.yml -> zmk/app/west.yml -> zephyr/west.yml	imported by zmk/app/west.yml; disabled by zephyr group-filter -babblesim	full commit SHA requested; groups=babblesim
babblesim_ext_libCryptov1	BabbleSim/ext_libCryptov1.git	eed6d7038e839153e340bd333bc43541cb90ba64	eed6d7038e839153e340bd333bc43541cb90ba64	no	config/west.yml -> zmk/app/west.yml -> zephyr/west.yml	imported by zmk/app/west.yml; disabled by zephyr group-filter -babblesim	full commit SHA requested; groups=babblesim
canopennode	zephyrproject-rtos/canopennode	dec12fa3f0d790cafa8414a4c2930ea71ab72ffd	dec12fa3f0d790cafa8414a4c2930ea71ab72ffd	no	config/west.yml -> zmk/app/west.yml -> zephyr/west.yml	imported build manifest via zmk/app/west.yml -> zephyr/west.yml	full commit SHA requested
cmsis	zephyrproject-rtos/cmsis	5a00331455dd74e31e80efa383a489faea0590e3	5a00331455dd74e31e80efa383a489faea0590e3	no	config/west.yml -> zmk/app/west.yml -> zephyr/west.yml	imported build manifest via zmk/app/west.yml -> zephyr/west.yml	full commit SHA requested; groups=hal
cmsis-dsp	zephyrproject-rtos/cmsis-dsp	ff7b5fd1ea5f094665c090c343ec44e74dc0b193	ff7b5fd1ea5f094665c090c343ec44e74dc0b193	no	config/west.yml -> zmk/app/west.yml -> zephyr/west.yml	imported build manifest via zmk/app/west.yml -> zephyr/west.yml	full commit SHA requested
cmsis-nn	zephyrproject-rtos/cmsis-nn	0c8669d81381ccf3b1a01d699f3b68b50134a99f	0c8669d81381ccf3b1a01d699f3b68b50134a99f	no	config/west.yml -> zmk/app/west.yml -> zephyr/west.yml	imported build manifest via zmk/app/west.yml -> zephyr/west.yml	full commit SHA requested
edtt	zephyrproject-rtos/edtt	64e5105ad82390164fb73fc654be3f73a608209a	64e5105ad82390164fb73fc654be3f73a608209a	no	config/west.yml -> zmk/app/west.yml -> zephyr/west.yml	imported by zmk/app/west.yml; blocked by zephyr name-blocklist	full commit SHA requested; groups=tools
fatfs	zephyrproject-rtos/fatfs	427159bf95ea49b7680facffaa29ad506b42709b	427159bf95ea49b7680facffaa29ad506b42709b	no	config/west.yml -> zmk/app/west.yml -> zephyr/west.yml	imported build manifest via zmk/app/west.yml -> zephyr/west.yml	full commit SHA requested; groups=fs
hal_altera	zephyrproject-rtos/hal_altera	0d225ddd314379b32355a00fb669eacf911e750d	0d225ddd314379b32355a00fb669eacf911e750d	no	config/west.yml -> zmk/app/west.yml -> zephyr/west.yml	imported by zmk/app/west.yml; blocked by zephyr name-blocklist	full commit SHA requested; groups=hal
hal_ambiq	zephyrproject-rtos/hal_ambiq	0a7c99325aa73a1ef777501da91c2c6608661e56	0a7c99325aa73a1ef777501da91c2c6608661e56	no	config/west.yml -> zmk/app/west.yml -> zephyr/west.yml	imported build manifest via zmk/app/west.yml -> zephyr/west.yml	full commit SHA requested; groups=hal
hal_atmel	zephyrproject-rtos/hal_atmel	5ab43007eda3f380c125f957f03638d2e8d1144d	5ab43007eda3f380c125f957f03638d2e8d1144d	no	config/west.yml -> zmk/app/west.yml -> zephyr/west.yml	imported build manifest via zmk/app/west.yml -> zephyr/west.yml	full commit SHA requested; groups=hal
hal_espressif	zephyrproject-rtos/hal_espressif	31fc5758f3507f8f0af00b1dea1a0df7af99bfc0	31fc5758f3507f8f0af00b1dea1a0df7af99bfc0	no	config/west.yml -> zmk/app/west.yml -> zephyr/west.yml	imported build manifest via zmk/app/west.yml -> zephyr/west.yml	full commit SHA requested; groups=hal
hal_ethos_u	zephyrproject-rtos/hal_ethos_u	90ada2ea5681b2a2722a10d2898eac34c2510791	90ada2ea5681b2a2722a10d2898eac34c2510791	no	config/west.yml -> zmk/app/west.yml -> zephyr/west.yml	imported build manifest via zmk/app/west.yml -> zephyr/west.yml	full commit SHA requested; groups=hal
hal_gigadevice	zephyrproject-rtos/hal_gigadevice	2994b7dde8b0b0fa9b9c0ccb13474b6a486cddc3	2994b7dde8b0b0fa9b9c0ccb13474b6a486cddc3	no	config/west.yml -> zmk/app/west.yml -> zephyr/west.yml	imported build manifest via zmk/app/west.yml -> zephyr/west.yml	full commit SHA requested; groups=hal
hal_infineon	zephyrproject-rtos/hal_infineon	815e84a5150f95627201f192779a0180d5052de7	815e84a5150f95627201f192779a0180d5052de7	no	config/west.yml -> zmk/app/west.yml -> zephyr/west.yml	imported by zmk/app/west.yml; blocked by zephyr name-blocklist	full commit SHA requested; groups=hal
hal_intel	zephyrproject-rtos/hal_intel	b3b43d4e3da7ba483611bbbea7ef8af92c69df31	b3b43d4e3da7ba483611bbbea7ef8af92c69df31	no	config/west.yml -> zmk/app/west.yml -> zephyr/west.yml	imported build manifest via zmk/app/west.yml -> zephyr/west.yml	full commit SHA requested; groups=hal
hal_microchip	zephyrproject-rtos/hal_microchip	5d079f1683a00b801373bbbbf5d181d4e33b30d5	5d079f1683a00b801373bbbbf5d181d4e33b30d5	no	config/west.yml -> zmk/app/west.yml -> zephyr/west.yml	imported by zmk/app/west.yml; blocked by zephyr name-blocklist	full commit SHA requested; groups=hal
hal_nordic	zephyrproject-rtos/hal_nordic	884c4d61746bc35fbd379c169fc87ddb56c6461d	884c4d61746bc35fbd379c169fc87ddb56c6461d	no	config/west.yml -> zmk/app/west.yml -> zephyr/west.yml	imported build manifest via zmk/app/west.yml -> zephyr/west.yml	full commit SHA requested; groups=hal
hal_nuvoton	zephyrproject-rtos/hal_nuvoton	3e0a4c4d3328b2f72b164219add19d5308b53cb5	3e0a4c4d3328b2f72b164219add19d5308b53cb5	no	config/west.yml -> zmk/app/west.yml -> zephyr/west.yml	imported build manifest via zmk/app/west.yml -> zephyr/west.yml	full commit SHA requested; groups=hal
hal_nxp	zephyrproject-rtos/hal_nxp	ad142f5612d927e29b1f9606e8edade871b8a526	ad142f5612d927e29b1f9606e8edade871b8a526	no	config/west.yml -> zmk/app/west.yml -> zephyr/west.yml	imported by zmk/app/west.yml; blocked by zephyr name-blocklist	full commit SHA requested; groups=hal
hal_openisa	zephyrproject-rtos/hal_openisa	d1e61c0c654d8ca9e73d27fca3a7eb3b7881cb6a	d1e61c0c654d8ca9e73d27fca3a7eb3b7881cb6a	no	config/west.yml -> zmk/app/west.yml -> zephyr/west.yml	imported by zmk/app/west.yml; blocked by zephyr name-blocklist	full commit SHA requested; groups=hal
hal_quicklogic	zephyrproject-rtos/hal_quicklogic	b3a66fe6d04d87fd1533a5c8de51d0599fcd08d0	b3a66fe6d04d87fd1533a5c8de51d0599fcd08d0	no	config/west.yml -> zmk/app/west.yml -> zephyr/west.yml	imported build manifest via zmk/app/west.yml -> zephyr/west.yml	full commit SHA requested; groups=hal
hal_renesas	zephyrproject-rtos/hal_renesas	a6cf2af9140e014fbbc48d2b6deb802231dd369f	a6cf2af9140e014fbbc48d2b6deb802231dd369f	no	config/west.yml -> zmk/app/west.yml -> zephyr/west.yml	imported build manifest via zmk/app/west.yml -> zephyr/west.yml	full commit SHA requested; groups=hal
hal_rpi_pico	zephyrproject-rtos/hal_rpi_pico	fba7162cc7bee06d0149622bbcaac4e41062d368	fba7162cc7bee06d0149622bbcaac4e41062d368	no	config/west.yml -> zmk/app/west.yml -> zephyr/west.yml	imported build manifest via zmk/app/west.yml -> zephyr/west.yml	full commit SHA requested; groups=hal
hal_silabs	zephyrproject-rtos/hal_silabs	d191d981c4eb20c0c7445a4061fcdbcfa686113a	d191d981c4eb20c0c7445a4061fcdbcfa686113a	no	config/west.yml -> zmk/app/west.yml -> zephyr/west.yml	imported by zmk/app/west.yml; blocked by zephyr name-blocklist	full commit SHA requested; groups=hal
hal_st	zephyrproject-rtos/hal_st	fb8e79d1a261fd02aadff7c142729f1954163cf3	fb8e79d1a261fd02aadff7c142729f1954163cf3	no	config/west.yml -> zmk/app/west.yml -> zephyr/west.yml	imported by zmk/app/west.yml; blocked by zephyr name-blocklist	full commit SHA requested; groups=hal
hal_stm32	zephyrproject-rtos/hal_stm32	89ef0a3383edebf661073073bcdf6e2836fe90ee	89ef0a3383edebf661073073bcdf6e2836fe90ee	no	config/west.yml -> zmk/app/west.yml -> zephyr/west.yml	imported build manifest via zmk/app/west.yml -> zephyr/west.yml	full commit SHA requested; groups=hal
hal_telink	zephyrproject-rtos/hal_telink	38573af589173259801ae6c2b34b7d4c9e626746	38573af589173259801ae6c2b34b7d4c9e626746	no	config/west.yml -> zmk/app/west.yml -> zephyr/west.yml	imported build manifest via zmk/app/west.yml -> zephyr/west.yml	full commit SHA requested; groups=hal
hal_ti	zephyrproject-rtos/hal_ti	b85f86e51fc4d47c4c383d320d64d52d4d371ae4	b85f86e51fc4d47c4c383d320d64d52d4d371ae4	no	config/west.yml -> zmk/app/west.yml -> zephyr/west.yml	imported by zmk/app/west.yml; blocked by zephyr name-blocklist	full commit SHA requested; groups=hal
hal_wurthelektronik	zephyrproject-rtos/hal_wurthelektronik	24ca9873c3d608fad1fea0431836bc8f144c132e	24ca9873c3d608fad1fea0431836bc8f144c132e	no	config/west.yml -> zmk/app/west.yml -> zephyr/west.yml	imported build manifest via zmk/app/west.yml -> zephyr/west.yml	full commit SHA requested; groups=hal
hal_xtensa	zephyrproject-rtos/hal_xtensa	e6da34fc07dfe96161ab8743f5dbeb6e6307ab93	e6da34fc07dfe96161ab8743f5dbeb6e6307ab93	no	config/west.yml -> zmk/app/west.yml -> zephyr/west.yml	imported by zmk/app/west.yml; blocked by zephyr name-blocklist	full commit SHA requested; groups=hal
libmetal	zephyrproject-rtos/libmetal	b91611a6f47dd29fb24c46e5621e797557f80ec6	b91611a6f47dd29fb24c46e5621e797557f80ec6	no	config/west.yml -> zmk/app/west.yml -> zephyr/west.yml	imported build manifest via zmk/app/west.yml -> zephyr/west.yml	full commit SHA requested; groups=hal
liblc3	zephyrproject-rtos/liblc3	448f3de31f49a838988a162ef1e23a89ddf2d2ed	448f3de31f49a838988a162ef1e23a89ddf2d2ed	no	config/west.yml -> zmk/app/west.yml -> zephyr/west.yml	imported build manifest via zmk/app/west.yml -> zephyr/west.yml	full commit SHA requested
littlefs	zephyrproject-rtos/littlefs	ca583fd297ceb48bced3c2548600dc615d67af24	ca583fd297ceb48bced3c2548600dc615d67af24	no	config/west.yml -> zmk/app/west.yml -> zephyr/west.yml	imported build manifest via zmk/app/west.yml -> zephyr/west.yml	full commit SHA requested; groups=fs
loramac-node	zephyrproject-rtos/loramac-node	842413c5fb98707eb5f26e619e8e792453877897	842413c5fb98707eb5f26e619e8e792453877897	no	config/west.yml -> zmk/app/west.yml -> zephyr/west.yml	imported by zmk/app/west.yml; blocked by zephyr name-blocklist	full commit SHA requested
lvgl	zephyrproject-rtos/lvgl	8a6a2d1d29d17d1e4bdc94c243c146a39d635fdd	8a6a2d1d29d17d1e4bdc94c243c146a39d635fdd	no	config/west.yml -> zmk/app/west.yml -> zephyr/west.yml	imported build manifest via zmk/app/west.yml -> zephyr/west.yml	full commit SHA requested
mbedtls	zephyrproject-rtos/mbedtls	c38dc78d9a8dcbe43b898cc1171ab33ba3e6fc26	c38dc78d9a8dcbe43b898cc1171ab33ba3e6fc26	no	config/west.yml -> zmk/app/west.yml -> zephyr/west.yml	imported build manifest via zmk/app/west.yml -> zephyr/west.yml	full commit SHA requested; groups=crypto
mcuboot	zephyrproject-rtos/mcuboot	13767d0b72eb14ce42eb8aad1e5a133ef66afc54	13767d0b72eb14ce42eb8aad1e5a133ef66afc54	no	config/west.yml -> zmk/app/west.yml -> zephyr/west.yml	imported by zmk/app/west.yml; blocked by zephyr name-blocklist	full commit SHA requested
mipi-sys-t	zephyrproject-rtos/mipi-sys-t	a819419603a2dfcb47f7f39092e1bc112e45d1ef	a819419603a2dfcb47f7f39092e1bc112e45d1ef	no	config/west.yml -> zmk/app/west.yml -> zephyr/west.yml	imported build manifest via zmk/app/west.yml -> zephyr/west.yml	full commit SHA requested; groups=debug
net-tools	zephyrproject-rtos/net-tools	d68ee9d17648a1bb3729c2023abfcb735dfe92fa	d68ee9d17648a1bb3729c2023abfcb735dfe92fa	no	config/west.yml -> zmk/app/west.yml -> zephyr/west.yml	imported by zmk/app/west.yml; blocked by zephyr name-blocklist	full commit SHA requested; groups=tools
nrf_hw_models	zephyrproject-rtos/nrf_hw_models	f4595802d32d103718bf50b3d390b7a450895843	f4595802d32d103718bf50b3d390b7a450895843	no	config/west.yml -> zmk/app/west.yml -> zephyr/west.yml	imported build manifest via zmk/app/west.yml -> zephyr/west.yml	full commit SHA requested
open-amp	zephyrproject-rtos/open-amp	42b7c577714b8f22ce82a901e19c1814af4609a8	42b7c577714b8f22ce82a901e19c1814af4609a8	no	config/west.yml -> zmk/app/west.yml -> zephyr/west.yml	imported build manifest via zmk/app/west.yml -> zephyr/west.yml	full commit SHA requested
openthread	zephyrproject-rtos/openthread	d62167ee34b091e7025c9ec2820aae71e17a3944	d62167ee34b091e7025c9ec2820aae71e17a3944	no	config/west.yml -> zmk/app/west.yml -> zephyr/west.yml	imported by zmk/app/west.yml; blocked by zephyr name-blocklist	full commit SHA requested
percepio	zephyrproject-rtos/percepio	a3728efccc47dd372f40e6313589ca4c5cc7d5e9	a3728efccc47dd372f40e6313589ca4c5cc7d5e9	no	config/west.yml -> zmk/app/west.yml -> zephyr/west.yml	imported build manifest via zmk/app/west.yml -> zephyr/west.yml	full commit SHA requested; groups=debug
picolibc	zephyrproject-rtos/picolibc	d07c38ff051386f8e09a143ea0a6c1d6d66dd1d8	d07c38ff051386f8e09a143ea0a6c1d6d66dd1d8	no	config/west.yml -> zmk/app/west.yml -> zephyr/west.yml	imported build manifest via zmk/app/west.yml -> zephyr/west.yml	full commit SHA requested
segger	zephyrproject-rtos/segger	9d0191285956cef43daf411edc2f1a7788346def	9d0191285956cef43daf411edc2f1a7788346def	no	config/west.yml -> zmk/app/west.yml -> zephyr/west.yml	imported build manifest via zmk/app/west.yml -> zephyr/west.yml	full commit SHA requested; groups=debug
tinycrypt	zephyrproject-rtos/tinycrypt	3e9a49d2672ec01435ffbf0d788db6d95ef28de0	3e9a49d2672ec01435ffbf0d788db6d95ef28de0	no	config/west.yml -> zmk/app/west.yml -> zephyr/west.yml	imported build manifest via zmk/app/west.yml -> zephyr/west.yml	full commit SHA requested; groups=crypto
trusted-firmware-m	zephyrproject-rtos/trusted-firmware-m	b168d92c7ed3c77c94d7ce3362bdde5dbffe8424	b168d92c7ed3c77c94d7ce3362bdde5dbffe8424	no	config/west.yml -> zmk/app/west.yml -> zephyr/west.yml	imported by zmk/app/west.yml; blocked by zephyr name-blocklist	full commit SHA requested; groups=tee
trusted-firmware-a	zephyrproject-rtos/trusted-firmware-a	421dc050278287839f5c70019bd6aec617f2bbdb	421dc050278287839f5c70019bd6aec617f2bbdb	no	config/west.yml -> zmk/app/west.yml -> zephyr/west.yml	imported build manifest via zmk/app/west.yml -> zephyr/west.yml	full commit SHA requested; groups=tee
uoscore-uedhoc	zephyrproject-rtos/uoscore-uedhoc	5fe2cb613bd7e4590bd1b00c2adf181ac0229379	5fe2cb613bd7e4590bd1b00c2adf181ac0229379	no	config/west.yml -> zmk/app/west.yml -> zephyr/west.yml	imported build manifest via zmk/app/west.yml -> zephyr/west.yml	full commit SHA requested
zcbor	zephyrproject-rtos/zcbor	67fd8bb88d3136738661fa8bb5f9989103f4599e	67fd8bb88d3136738661fa8bb5f9989103f4599e	no	config/west.yml -> zmk/app/west.yml -> zephyr/west.yml	imported build manifest via zmk/app/west.yml -> zephyr/west.yml	full commit SHA requested
chre	zephyrproject-rtos/chre	3b32c76efee705af146124fb4190f71be5a4e36e	3b32c76efee705af146124fb4190f71be5a4e36e	no	config/west.yml -> zmk/app/west.yml -> zephyr/west.yml -> submanifests/optional.yaml	imported manifest; disabled by zephyr group-filter -optional	full commit SHA requested; groups=optional
lz4	zephyrproject-rtos/lz4	8e303c264fc21c2116dc612658003a22e933124d	8e303c264fc21c2116dc612658003a22e933124d	no	config/west.yml -> zmk/app/west.yml -> zephyr/west.yml -> submanifests/optional.yaml	imported manifest; disabled by zephyr group-filter -optional	full commit SHA requested; groups=optional
nanopb	zephyrproject-rtos/nanopb	42fa8b211e946b90b9d968523fce7b1cfe27617e	42fa8b211e946b90b9d968523fce7b1cfe27617e	no	config/west.yml -> zmk/app/west.yml -> zephyr/west.yml -> submanifests/optional.yaml	imported manifest; blocked by root Zephyr name-blocklist	full commit SHA requested; groups=optional; inactive
psa-arch-tests	zephyrproject-rtos/psa-arch-tests	6a17330e0dfb5f319730f974d5b05f7b7f04757b	6a17330e0dfb5f319730f974d5b05f7b7f04757b	no	config/west.yml -> zmk/app/west.yml -> zephyr/west.yml -> submanifests/optional.yaml	imported manifest; disabled by zephyr group-filter -optional	full commit SHA requested; groups=optional
sof	zephyrproject-rtos/sof	c0f20b69daa44e3563f970b366e49ccfcfa1b71c	c0f20b69daa44e3563f970b366e49ccfcfa1b71c	no	config/west.yml -> zmk/app/west.yml -> zephyr/west.yml -> submanifests/optional.yaml	imported manifest; disabled by zephyr group-filter -optional	full commit SHA requested; groups=optional
tf-m-tests	zephyrproject-rtos/tf-m-tests	a878426da78fbd1486dfc29d6c6b82be4ee79e72	a878426da78fbd1486dfc29d6c6b82be4ee79e72	no	config/west.yml -> zmk/app/west.yml -> zephyr/west.yml -> submanifests/optional.yaml	imported manifest; disabled by zephyr group-filter -optional	full commit SHA requested; groups=optional
tflite-micro	zephyrproject-rtos/tflite-micro	1a34dcab41e7e0e667db72d6a40999c1ec9c510c	1a34dcab41e7e0e667db72d6a40999c1ec9c510c	no	config/west.yml -> zmk/app/west.yml -> zephyr/west.yml -> submanifests/optional.yaml	imported manifest; disabled by zephyr group-filter -optional	full commit SHA requested; groups=optional
thrift	zephyrproject-rtos/thrift	10023645a0e6cb7ce23fcd7fd3dbac9f18df6234	10023645a0e6cb7ce23fcd7fd3dbac9f18df6234	no	config/west.yml -> zmk/app/west.yml -> zephyr/west.yml -> submanifests/optional.yaml	imported manifest; disabled by zephyr group-filter -optional	full commit SHA requested; groups=optional
zscilib	zephyrproject-rtos/zscilib	34c3432e81085bb717e4871d21ca419ae0058ec5	34c3432e81085bb717e4871d21ca419ae0058ec5	no	config/west.yml -> zmk/app/west.yml -> zephyr/west.yml -> submanifests/optional.yaml	imported manifest; disabled by zephyr group-filter -optional	full commit SHA requested; groups=optional
dya-studio	cormoran/dya-studio	2c31a8655dcef95589ce6131a0797ccc19c618b8	2c31a8655dcef95589ce6131a0797ccc19c618b8	no	external audit source	React/TypeScript client and Cloudflare deployment	live main resolved 2026-07-29; detached exact-SHA audit clone
